Location,Size_Marla,Size_Sqft,Price_PKR,Listing_ID
Eden Valley,5.0,1125.0,26500000.0,54611735
Eden Valley,5.0,1125.0,26000000.0,54611731
Eden Valley,7.0,1575.0,37000000.0,54611728
Eden Executive,5.0,1125.0,26000000.0,54611725
Eden Executive,5.0,1125.0,23000000.0,54614817
Eden Valley,5.0,1125.0,26500000.0,54622884
Abdullah Gardens,20.0,4500.0,140000000.0,54496692
Eden Orchard,5.0,1125.0,27000000.0,54575043
Al Najaf Colony,2.5,562.5,15000000.0,54615181
Divine Enclave,13.0,2925.0,65000000.0,54571147
Khayaban Colony 2,22.0,4950.0,56000000.0,53657911
Model City 1,7.0,1575.0,35000000.0,54306077
Model City 1,3.0,675.0,12800000.0,54571133
Eden Executive,5.0,1125.0,21000000.0,54571121
Eden Valley,7.0,1575.0,36000000.0,53493139
Eden Orchard,11.0,2475.0,60000000.0,54545939
Canal Road,7.0,1575.0,25000000.0,53876022
Model City 1,7.0,1575.0,27000000.0,54622854
Model City 1,3.0,675.0,13500000.0,54622697
Kohinoor City,16.0,3600.0,85000000.0,54070243
Citi Housing,10.0,2250.0,33500000.0,54588956
Citi Housing,10.0,2250.0,30000000.0,54588985
Citi Housing,5.0,1125.0,13500000.0,54588986
Citi Housing Sargodha Road,42.0,9450.0,99000000.0,54588988
Citi Housing Sargodha Road,20.0,4500.0,75000000.0,54588989
Eden Valley,7.0,1575.0,42500000.0,54497801
Eden Valley,5.0,1125.0,27000000.0,54497803
Wapda City - Block M,10.0,2250.0,47500000.0,54581736
Eden Orchard,5.0,1125.0,24000000.0,54605383
Divine Enclave,7.0,1575.0,42500000.0,54600470
Wapda City,5.0,1125.0,25500000.0,54428116
Eden Orchard,5.0,1125.0,26000000.0,54494648
Eden Orchard,11.0,2475.0,60000000.0,54604116
Eden Orchard Block Y,5.0,1125.0,28000000.0,54350345
Jaranwala Road,2.2,495.00000000000006,6000000.0,54518182
Eden Valley,6.0,1350.0,36000000.0,54318366
Eden Executive,7.0,1575.0,27500000.0,54554089
Eden Orchard,5.0,1125.0,22500000.0,54622431
Al Najaf Colony,10.0,2250.0,50000000.0,54615268
Peoples Colony - Block B,7.5,1687.5,50000000.0,54577386
Eden Orchard,5.0,1125.0,26000000.0,54444126
Satiana Road,8.0,1800.0,17000000.0,53055130
Citi Housing Sargodha Road,5.0,1125.0,15500000.0,54588990
Citi Housing Sargodha Road,20.0,4500.0,100000000.0,54588991
Divine Enclave,7.0,1575.0,42500000.0,54619730
Eden Executive,5.0,1125.0,23000000.0,54619728
Eden Executive,2.7,607.5,12500000.0,54619727
Model City 1,5.0,1125.0,18500000.0,54619726
Abdullah Gardens,7.0,1575.0,40000000.0,54619723
Eden Executive,7.0,1575.0,35000000.0,54595655
